{"stat.walkOneCm":26641,"stat.leaveGame":3,"stat.pickup.minecraft.crafting_table":2,"stat.craftItem.minecraft.crafting_table":2,"stat.pickup.minecraft.log":15,"stat.jump":121,"stat.fallOneCm":1579,"stat.useItem.minecraft.stone_axe":13,"stat.crouchOneCm":582,"stat.pickup.minecraft.sapling":2,"stat.sprintOneCm":1470,"stat.useItem.minecraft.stone_slab2":5,"stat.craftItem.minecraft.stick":12,"stat.craftingTableInteraction":3,"stat.craftItem.minecraft.planks":36,"stat.craftItem.minecraft.stone_axe":1,"stat.mineBlock.minecraft.crafting_table":2,"stat.damageTaken":190,"stat.craftItem.minecraft.stone_pickaxe":1,"stat.useItem.minecraft.wooden_pickaxe":4,"stat.pickup.minecraft.cobblestone":18,"stat.mineBlock.minecraft.log":15,"stat.flyOneCm":1963,"stat.mineBlock.minecraft.leaves":12,"stat.playOneMinute":9845,"stat.useItem.minecraft.stone_pickaxe":14,"stat.sneakTime":225,"stat.damageDealt":153,"stat.timeSinceDeath":9845,"stat.pickup.zawa.care_guide":1,"stat.craftItem.minecraft.wooden_pickaxe":1,"stat.mineBlock.minecraft.stone":18}