{"stat.walkOneCm":21779,"stat.craftItem.minecraft.planks":36,"stat.leaveGame":2,"stat.craftItem.minecraft.stone_axe":1,"stat.pickup.minecraft.crafting_table":2,"stat.mineBlock.minecraft.crafting_table":2,"stat.damageTaken":190,"stat.craftItem.minecraft.crafting_table":2,"stat.craftItem.minecraft.stone_pickaxe":1,"stat.useItem.minecraft.wooden_pickaxe":4,"stat.pickup.minecraft.cobblestone":18,"stat.mineBlock.minecraft.log":9,"stat.pickup.minecraft.log":9,"stat.flyOneCm":1169,"stat.jump":98,"stat.mineBlock.minecraft.leaves":12,"stat.playOneMinute":7883,"stat.fallOneCm":1370,"stat.useItem.minecraft.stone_pickaxe":14,"stat.sneakTime":186,"stat.useItem.minecraft.stone_axe":3,"stat.damageDealt":24,"stat.crouchOneCm":579,"stat.timeSinceDeath":7883,"stat.pickup.zawa.care_guide":1,"stat.pickup.minecraft.sapling":2,"stat.sprintOneCm":886,"stat.useItem.minecraft.stone_slab2":5,"stat.craftItem.minecraft.wooden_pickaxe":1,"stat.mineBlock.minecraft.stone":18,"stat.craftItem.minecraft.stick":12,"stat.craftingTableInteraction":3}