{"stat.walkOneCm":9020,"stat.craftItem.minecraft.planks":20,"stat.craftItem.minecraft.stone_axe":1,"stat.useItem.minecraft.log":1,"stat.pickup.minecraft.crafting_table":2,"stat.drop.minecraft.gunpowder":2,"stat.damageTaken":350,"stat.mineBlock.minecraft.crafting_table":2,"stat.craftItem.minecraft.crafting_table":1,"stat.craftItem.minecraft.stone_pickaxe":1,"stat.useItem.minecraft.wooden_pickaxe":3,"stat.pickup.minecraft.cobblestone":8,"stat.mineBlock.minecraft.coal_ore":8,"stat.mineBlock.minecraft.log":6,"stat.pickup.minecraft.log":6,"stat.craftItem.minecraft.stone_sword":1,"stat.flyOneCm":11463,"stat.deaths":1,"stat.drop":1,"stat.jump":108,"stat.mineBlock.minecraft.leaves":2,"stat.playOneMinute":45028,"stat.pickup.minecraft.coal":8,"stat.fallOneCm":6014,"stat.useItem.minecraft.stone_pickaxe":13,"stat.sneakTime":934,"stat.useItem.minecraft.stone_axe":1,"stat.pickup.minecraft.gunpowder":2,"stat.crouchOneCm":2209,"stat.pickup.zawa.care_guide":1,"stat.timeSinceDeath":311,"stat.sprintOneCm":10256,"stat.useItem.minecraft.stone_slab2":2,"stat.craftItem.minecraft.wooden_pickaxe":1,"stat.mineBlock.minecraft.stone":8,"stat.craftItem.minecraft.stick":8,"stat.craftingTableInteraction":3}