{"stat.walkOneCm":23609,"stat.pickup.minecraft.stick":1,"stat.pickup.minecraft.crafting_table":3,"stat.useItem.minecraft.log":1,"stat.drop.minecraft.gunpowder":2,"stat.pickup.minecraft.stone_pickaxe":1,"stat.craftItem.minecraft.crafting_table":1,"stat.pickup.minecraft.stone_axe":2,"stat.mineBlock.minecraft.coal_ore":14,"stat.pickup.minecraft.log":6,"stat.jump":283,"stat.swimOneCm":782,"stat.pickup.minecraft.coal":22,"stat.fallOneCm":10653,"stat.killEntity.elementalcreepers:CakeCreeper":1,"stat.useItem.minecraft.stone_axe":7,"stat.pickup.minecraft.gunpowder":4,"stat.crouchOneCm":2593,"stat.craftItem.minecraft.torch":16,"stat.pickup.minecraft.dirt":2,"stat.sprintOneCm":41283,"stat.useItem.minecraft.stone_slab2":3,"stat.craftItem.minecraft.stick":12,"stat.craftingTableInteraction":3,"stat.craftItem.minecraft.planks":20,"stat.craftItem.minecraft.stone_axe":1,"stat.pickup.minecraft.wooden_pickaxe":1,"stat.damageTaken":370,"stat.mineBlock.minecraft.crafting_table":2,"stat.pickup.minecraft.stone_sword":1,"stat.craftItem.minecraft.stone_pickaxe":1,"stat.useItem.minecraft.wooden_pickaxe":3,"stat.pickup.minecraft.cobblestone":8,"stat.mobKills":8,"stat.mineBlock.minecraft.log":6,"stat.pickup.minecraft.planks":9,"stat.craftItem.minecraft.stone_sword":1,"stat.flyOneCm":36067,"stat.deaths":1,"stat.drop":2,"stat.mineBlock.minecraft.leaves":3,"stat.playOneMinute":57628,"stat.useItem.minecraft.stone_pickaxe":19,"stat.killEntity.Sheep":7,"stat.sneakTime":1254,"stat.useItem.minecraft.stone_sword":7,"stat.pickup.minecraft.wool":7,"stat.damageDealt":760,"stat.drop.minecraft.stone_axe":1,"stat.pickup.zawa.care_guide":2,"stat.timeSinceDeath":12911,"stat.mineBlock.minecraft.dirt":2,"stat.craftItem.minecraft.wooden_pickaxe":1,"stat.mineBlock.minecraft.stone":8,"stat.mineBlock.minecraft.tallgrass":1,"stat.pickup.minecraft.mutton":10}