{"stat.walkOneCm":28291,"stat.craftItem.minecraft.bed":1,"stat.useItem.minecraft.torch":4,"stat.leaveGame":2,"stat.pickup.minecraft.crafting_table":3,"stat.mineBlock.minecraft.cobblestone":3,"stat.useItem.minecraft.cobblestone":36,"stat.craftItem.minecraft.crafting_table":1,"stat.furnaceInteraction":3,"stat.drop.minecraft.dirt":1,"stat.mineBlock.minecraft.coal_ore":24,"stat.pickup.minecraft.log":17,"stat.jump":213,"stat.swimOneCm":134,"stat.pickup.minecraft.coal":24,"stat.fallOneCm":7671,"stat.useItem.minecraft.cooked_mutton":3,"stat.pickup.minecraft.furnace":1,"stat.useItem.minecraft.stone_axe":34,"stat.craftItem.minecraft.stone_slab2":0,"stat.crouchOneCm":6352,"stat.craftItem.minecraft.torch":8,"stat.pickup.minecraft.dirt":1,"stat.sprintOneCm":33584,"stat.useItem.minecraft.stone_slab2":5,"stat.craftItem.minecraft.stick":8,"stat.craftingTableInteraction":4,"stat.craftItem.minecraft.furnace":1,"stat.craftItem.minecraft.planks":16,"stat.craftItem.minecraft.stone_axe":1,"stat.mineBlock.minecraft.crafting_table":3,"stat.damageTaken":130,"stat.craftItem.minecraft.stone_pickaxe":1,"stat.mineBlock.minecraft.furnace":1,"stat.mineBlock.minecraft.torch":4,"stat.useItem.minecraft.wooden_pickaxe":6,"stat.mobKills":14,"stat.pickup.minecraft.cobblestone":55,"stat.mineBlock.minecraft.log":17,"stat.flyOneCm":24668,"stat.pickup.minecraft.bed":1,"stat.drop":1,"stat.mineBlock.minecraft.leaves":6,"stat.playOneMinute":16859,"stat.pickup.minecraft.torch":4,"stat.killEntity.Sheep":14,"stat.useItem.minecraft.stone_pickaxe":75,"stat.sneakTime":2249,"stat.pickup.minecraft.wool":14,"stat.damageDealt":1120,"stat.sleepInBed":1,"stat.pickup.zawa.care_guide":1,"stat.timeSinceDeath":16859,"stat.mineBlock.minecraft.dirt":1,"stat.craftItem.minecraft.wooden_pickaxe":1,"stat.mineBlock.minecraft.stone":53,"stat.craftItem.minecraft.cooked_mutton":7,"stat.pickup.minecraft.mutton":20}