{"stat.walkOneCm":4056,"stat.craftItem.minecraft.planks":16,"stat.leaveGame":1,"stat.craftItem.minecraft.stone_axe":1,"stat.craftItem.minecraft.crafting_table":1,"stat.craftItem.minecraft.stone_pickaxe":1,"stat.useItem.minecraft.wooden_pickaxe":6,"stat.pickup.minecraft.cobblestone":6,"stat.mineBlock.minecraft.log":4,"stat.pickup.minecraft.log":4,"stat.flyOneCm":987,"stat.jump":13,"stat.mineBlock.minecraft.leaves":1,"stat.playOneMinute":3614,"stat.sneakTime":122,"stat.crouchOneCm":189,"stat.pickup.zawa.care_guide":1,"stat.timeSinceDeath":3614,"stat.sprintOneCm":1531,"stat.useItem.minecraft.stone_slab2":1,"stat.craftItem.minecraft.wooden_pickaxe":1,"stat.mineBlock.minecraft.stone":6,"stat.craftItem.minecraft.stick":8,"stat.craftingTableInteraction":2}